fecha,cod_ine,CCAA,total
2020-02-21,01,Andalucía,
2020-02-22,01,Andalucía,
2020-02-23,01,Andalucía,
2020-02-24,01,Andalucía,
2020-02-25,01,Andalucía,
2020-02-26,01,Andalucía,
2020-02-27,01,Andalucía,
2020-02-28,01,Andalucía,
2020-02-29,01,Andalucía,
2020-03-01,01,Andalucía,
2020-03-02,01,Andalucía,
2020-03-03,01,Andalucía,
2020-03-04,01,Andalucía,
2020-03-05,01,Andalucía,
2020-03-06,01,Andalucía,
2020-03-07,01,Andalucía,
2020-03-08,01,Andalucía,
2020-03-09,01,Andalucía,
2020-03-10,01,Andalucía,
2020-03-11,01,Andalucía,32
2020-03-12,01,Andalucía,50
2020-03-13,01,Andalucía,92
2020-03-14,01,Andalucía,92
2020-03-15,01,Andalucía,92
2020-03-16,01,Andalucía,197
2020-03-17,01,Andalucía,229
2020-03-18,01,Andalucía,319
2020-03-19,01,Andalucía,384
2020-03-20,01,Andalucía,501
2020-03-21,01,Andalucía,605
2020-03-22,01,Andalucía,724
2020-03-23,01,Andalucía,865
2020-03-24,01,Andalucía,1132
2020-03-25,01,Andalucía,1433
2020-03-26,01,Andalucía,1626
2020-03-27,01,Andalucía,1843
2020-03-28,01,Andalucía,2106
2020-03-29,01,Andalucía,2294
2020-03-30,01,Andalucía,2671
2020-03-31,01,Andalucía,2867
2020-04-01,01,Andalucía,3147
2020-04-02,01,Andalucía,3444
2020-04-03,01,Andalucía,3673
2020-04-04,01,Andalucía,3896
2020-04-05,01,Andalucía,4107
2020-04-06,01,Andalucía,4227
2020-04-07,01,Andalucía,4335
2020-04-08,01,Andalucía,4463
2020-04-09,01,Andalucía,4599
2020-04-10,01,Andalucía,4715
2020-04-11,01,Andalucía,4808
2020-04-12,01,Andalucía,4950
2020-04-13,01,Andalucía,4993
2020-04-14,01,Andalucía,5054
2020-04-15,01,Andalucía,5147
2020-04-16,01,Andalucía,5226
2020-04-17,01,Andalucía,5298
2020-04-18,01,Andalucía,5341
2020-04-19,01,Andalucía,5424
2020-04-20,01,Andalucía,5473
2020-04-21,01,Andalucía,5509
2020-04-22,01,Andalucía,5565
2020-04-23,01,Andalucía,5616
2020-04-24,01,Andalucía,5675
2020-04-25,01,Andalucía,5715
2020-04-26,01,Andalucía,5747
2020-04-27,01,Andalucía,5767
2020-04-28,01,Andalucía,5792
2020-04-29,01,Andalucía,5831
2020-04-30,01,Andalucía,5873
2020-05-01,01,Andalucía,5935
2020-05-02,01,Andalucía,5961
2020-05-03,01,Andalucía,5961
2020-05-04,01,Andalucía,5973
2020-05-05,01,Andalucía,5983
2020-05-06,01,Andalucía,6012
2020-05-07,01,Andalucía,6027
2020-05-08,01,Andalucía,6038
2020-05-09,01,Andalucía,6069
2020-05-10,01,Andalucía,6080
2020-05-11,01,Andalucía,6092
2020-05-12,01,Andalucía,6101
2020-05-13,01,Andalucía,6114
2020-05-14,01,Andalucía,6128
2020-05-15,01,Andalucía,6146
2020-05-16,01,Andalucía,6161
2020-05-17,01,Andalucía,6174
2020-05-18,01,Andalucía,6178
2020-05-19,01,Andalucía,6182
2020-05-20,01,Andalucía,6196
2020-05-21,01,Andalucía,6210
2020-05-22,01,Andalucía,6215
2020-05-23,01,Andalucía,6229
2020-05-24,01,Andalucía,6230
2020-02-21,02,Aragón,
2020-02-22,02,Aragón,
2020-02-23,02,Aragón,
2020-02-24,02,Aragón,
2020-02-25,02,Aragón,
2020-02-26,02,Aragón,
2020-02-27,02,Aragón,
2020-02-28,02,Aragón,
2020-02-29,02,Aragón,
2020-03-01,02,Aragón,
2020-03-02,02,Aragón,
2020-03-03,02,Aragón,
2020-03-04,02,Aragón,
2020-03-05,02,Aragón,
2020-03-06,02,Aragón,
2020-03-07,02,Aragón,
2020-03-08,02,Aragón,
2020-03-09,02,Aragón,
2020-03-10,02,Aragón,
2020-03-11,02,Aragón,22
2020-03-12,02,Aragón,28
2020-03-13,02,Aragón,30
2020-03-14,02,Aragón,42
2020-03-15,02,Aragón,59
2020-03-16,02,Aragón,64
2020-03-17,02,Aragón,74
2020-03-18,02,Aragón,81
2020-03-19,02,Aragón,101
2020-03-20,02,Aragón,127
2020-03-21,02,Aragón,192
2020-03-22,02,Aragón,241
2020-03-23,02,Aragón,298
2020-03-24,02,Aragón,384
2020-03-25,02,Aragón,459
2020-03-26,02,Aragón,562
2020-03-27,02,Aragón,693
2020-03-28,02,Aragón,835
2020-03-29,02,Aragón,835
2020-03-30,02,Aragón,1094
2020-03-31,02,Aragón,1176
2020-04-01,02,Aragón,1234
2020-04-02,02,Aragón,1320
2020-04-03,02,Aragón,1431
2020-04-04,02,Aragón,1505
2020-04-05,02,Aragón,1588
2020-04-06,02,Aragón,1637
2020-04-07,02,Aragón,1663
2020-04-08,02,Aragón,1716
2020-04-09,02,Aragón,1765
2020-04-10,02,Aragón,1822
2020-04-11,02,Aragón,1860
2020-04-12,02,Aragón,1901
2020-04-13,02,Aragón,1938
2020-04-14,02,Aragón,1966
2020-04-15,02,Aragón,2006
2020-04-16,02,Aragón,2108
2020-04-17,02,Aragón,2151
2020-04-18,02,Aragón,2180
2020-04-19,02,Aragón,2216
2020-04-20,02,Aragón,2244
2020-04-21,02,Aragón,2271
2020-04-22,02,Aragón,2304
2020-04-23,02,Aragón,2340
2020-04-24,02,Aragón,2359
2020-04-25,02,Aragón,2372
2020-04-26,02,Aragón,2395
2020-04-27,02,Aragón,2403
2020-04-28,02,Aragón,2425
2020-04-29,02,Aragón,2454
2020-04-30,02,Aragón,2477
2020-05-01,02,Aragón,2494
2020-05-02,02,Aragón,2503
2020-05-03,02,Aragón,2519
2020-05-04,02,Aragón,2526
2020-05-05,02,Aragón,2539
2020-05-06,02,Aragón,2552
2020-05-07,02,Aragón,2564
2020-05-08,02,Aragón,2578
2020-05-09,02,Aragón,2583
2020-05-10,02,Aragón,2588
2020-05-11,02,Aragón,2595
2020-05-12,02,Aragón,2606
2020-05-13,02,Aragón,2614
2020-05-14,02,Aragón,2625
2020-05-15,02,Aragón,2637
2020-05-16,02,Aragón,2648
2020-05-17,02,Aragón,2655
2020-05-18,02,Aragón,2659
2020-05-19,02,Aragón,2667
2020-05-20,02,Aragón,2434
2020-05-21,02,Aragón,2442
2020-05-22,02,Aragón,2447
2020-05-23,02,Aragón,2451
2020-05-24,02,Aragón,2452
2020-02-21,03,Asturias,
2020-02-22,03,Asturias,
2020-02-23,03,Asturias,
2020-02-24,03,Asturias,
2020-02-25,03,Asturias,
2020-02-26,03,Asturias,
2020-02-27,03,Asturias,
2020-02-28,03,Asturias,
2020-02-29,03,Asturias,
2020-03-01,03,Asturias,0
2020-03-02,03,Asturias,0
2020-03-03,03,Asturias,1
2020-03-04,03,Asturias,1
2020-03-05,03,Asturias,1
2020-03-06,03,Asturias,4
2020-03-07,03,Asturias,4
2020-03-08,03,Asturias,4
2020-03-09,03,Asturias,7
2020-03-10,03,Asturias,11
2020-03-11,03,Asturias,13
2020-03-12,03,Asturias,15
2020-03-13,03,Asturias,18
2020-03-14,03,Asturias,24
2020-03-15,03,Asturias,28
2020-03-16,03,Asturias,39
2020-03-17,03,Asturias,57
2020-03-18,03,Asturias,78
2020-03-19,03,Asturias,105
2020-03-20,03,Asturias,129
2020-03-21,03,Asturias,155
2020-03-22,03,Asturias,180
2020-03-23,03,Asturias,210
2020-03-24,03,Asturias,251
2020-03-25,03,Asturias,281
2020-03-26,03,Asturias,322
2020-03-27,03,Asturias,370
2020-03-28,03,Asturias,427
2020-03-29,03,Asturias,452
2020-03-30,03,Asturias,491
2020-03-31,03,Asturias,529
2020-04-01,03,Asturias,554
2020-04-02,03,Asturias,602
2020-04-03,03,Asturias,634
2020-04-04,03,Asturias,657
2020-04-05,03,Asturias,674
2020-04-06,03,Asturias,695
2020-04-07,03,Asturias,727
2020-04-08,03,Asturias,747
2020-04-09,03,Asturias,775
2020-04-10,03,Asturias,797
2020-04-11,03,Asturias,831
2020-04-12,03,Asturias,863
2020-04-13,03,Asturias,884
2020-04-14,03,Asturias,902
2020-04-15,03,Asturias,914
2020-04-16,03,Asturias,927
2020-04-17,03,Asturias,966
2020-04-18,03,Asturias,980
2020-04-19,03,Asturias,988
2020-04-20,03,Asturias,993
2020-04-21,03,Asturias,999
2020-04-22,03,Asturias,1007
2020-04-23,03,Asturias,1009
2020-04-24,03,Asturias,1012
2020-04-25,03,Asturias,1020
2020-04-26,03,Asturias,1022
2020-04-27,03,Asturias,1028
2020-04-28,03,Asturias,1035
2020-04-29,03,Asturias,1041
2020-04-30,03,Asturias,1047
2020-05-01,03,Asturias,1048
2020-05-02,03,Asturias,1052
2020-05-03,03,Asturias,1055
2020-05-04,03,Asturias,1057
2020-05-05,03,Asturias,1061
2020-05-06,03,Asturias,1068
2020-05-07,03,Asturias,1072
2020-05-08,03,Asturias,1076
2020-05-09,03,Asturias,1077
2020-05-10,03,Asturias,1080
2020-05-11,03,Asturias,1080
2020-05-12,03,Asturias,1080
2020-05-13,03,Asturias,1080
2020-05-14,03,Asturias,1084
2020-05-15,03,Asturias,1087
2020-05-16,03,Asturias,1087
2020-05-17,03,Asturias,1087
2020-05-18,03,Asturias,1088
2020-05-19,03,Asturias,1088
2020-05-20,03,Asturias,1089
2020-05-21,03,Asturias,1089
2020-05-22,03,Asturias,1090
2020-05-23,03,Asturias,1092
2020-05-24,03,Asturias,1095
2020-02-21,04,Baleares,
2020-02-22,04,Baleares,
2020-02-23,04,Baleares,
2020-02-24,04,Baleares,
2020-02-25,04,Baleares,
2020-02-26,04,Baleares,
2020-02-27,04,Baleares,
2020-02-28,04,Baleares,
2020-02-29,04,Baleares,
2020-03-01,04,Baleares,
2020-03-02,04,Baleares,
2020-03-03,04,Baleares,
2020-03-04,04,Baleares,
2020-03-05,04,Baleares,
2020-03-06,04,Baleares,
2020-03-07,04,Baleares,
2020-03-08,04,Baleares,
2020-03-09,04,Baleares,
2020-03-10,04,Baleares,
2020-03-11,04,Baleares,8
2020-03-12,04,Baleares,8
2020-03-13,04,Baleares,8
2020-03-14,04,Baleares,8
2020-03-15,04,Baleares,8
2020-03-16,04,Baleares,21
2020-03-17,04,Baleares,26
2020-03-18,04,Baleares,29
2020-03-19,04,Baleares,31
2020-03-20,04,Baleares,48
2020-03-21,04,Baleares,60
2020-03-22,04,Baleares,79
2020-03-23,04,Baleares,87
2020-03-24,04,Baleares,127
2020-03-25,04,Baleares,164
2020-03-26,04,Baleares,205
2020-03-27,04,Baleares,237
2020-03-28,04,Baleares,283
2020-03-29,04,Baleares,344
2020-03-30,04,Baleares,352
2020-03-31,04,Baleares,398
2020-04-01,04,Baleares,467
2020-04-02,04,Baleares,516
2020-04-03,04,Baleares,586
2020-04-04,04,Baleares,633
2020-04-05,04,Baleares,663
2020-04-06,04,Baleares,681
2020-04-07,04,Baleares,703
2020-04-08,04,Baleares,729
2020-04-09,04,Baleares,749
2020-04-10,04,Baleares,775
2020-04-11,04,Baleares,776
2020-04-12,04,Baleares,803
2020-04-13,04,Baleares,809
2020-04-14,04,Baleares,824
2020-04-15,04,Baleares,854
2020-04-16,04,Baleares,869
2020-04-17,04,Baleares,902
2020-04-18,04,Baleares,934
2020-04-19,04,Baleares,952
2020-04-20,04,Baleares,960
2020-04-21,04,Baleares,983
2020-04-22,04,Baleares,1001
2020-04-23,04,Baleares,1018
2020-04-24,04,Baleares,1036
2020-04-25,04,Baleares,1053
2020-04-26,04,Baleares,1057
2020-04-27,04,Baleares,1057
2020-04-28,04,Baleares,1069
2020-04-29,04,Baleares,1074
2020-04-30,04,Baleares,1077
2020-05-01,04,Baleares,1085
2020-05-02,04,Baleares,1089
2020-05-03,04,Baleares,1094
2020-05-04,04,Baleares,1097
2020-05-05,04,Baleares,1105
2020-05-06,04,Baleares,1117
2020-05-07,04,Baleares,1121
2020-05-08,04,Baleares,1121
2020-05-09,04,Baleares,1121
2020-05-10,04,Baleares,1121
2020-05-11,04,Baleares,1121
2020-05-12,04,Baleares,1122
2020-05-13,04,Baleares,1127
2020-05-14,04,Baleares,1127
2020-05-15,04,Baleares,1132
2020-05-16,04,Baleares,1132
2020-05-17,04,Baleares,1134
2020-05-18,04,Baleares,1134
2020-05-19,04,Baleares,1137
2020-05-20,04,Baleares,1142
2020-05-21,04,Baleares,1144
2020-05-22,04,Baleares,1139
2020-05-23,04,Baleares,1141
2020-05-24,04,Baleares,1141
2020-02-21,05,Canarias,
2020-02-22,05,Canarias,
2020-02-23,05,Canarias,
2020-02-24,05,Canarias,
2020-02-25,05,Canarias,
2020-02-26,05,Canarias,
2020-02-27,05,Canarias,
2020-02-28,05,Canarias,
2020-02-29,05,Canarias,
2020-03-01,05,Canarias,
2020-03-02,05,Canarias,
2020-03-03,05,Canarias,
2020-03-04,05,Canarias,
2020-03-05,05,Canarias,
2020-03-06,05,Canarias,
2020-03-07,05,Canarias,
2020-03-08,05,Canarias,
2020-03-09,05,Canarias,
2020-03-10,05,Canarias,
2020-03-11,05,Canarias,10
2020-03-12,05,Canarias,15
2020-03-13,05,Canarias,15
2020-03-14,05,Canarias,15
2020-03-15,05,Canarias,15
2020-03-16,05,Canarias,40
2020-03-17,05,Canarias,56
2020-03-18,05,Canarias,73
2020-03-19,05,Canarias,82
2020-03-20,05,Canarias,115
2020-03-21,05,Canarias,139
2020-03-22,05,Canarias,150
2020-03-23,05,Canarias,172
2020-03-24,05,Canarias,207
2020-03-25,05,Canarias,235
2020-03-26,05,Canarias,279
2020-03-27,05,Canarias,328
2020-03-28,05,Canarias,377
2020-03-29,05,Canarias,425
2020-03-30,05,Canarias,444
2020-03-31,05,Canarias,483
2020-04-01,05,Canarias,532
2020-04-02,05,Canarias,566
2020-04-03,05,Canarias,605
2020-04-04,05,Canarias,632
2020-04-05,05,Canarias,644
2020-04-06,05,Canarias,651
2020-04-07,05,Canarias,689
2020-04-08,05,Canarias,703
2020-04-09,05,Canarias,730
2020-04-10,05,Canarias,738
2020-04-11,05,Canarias,745
2020-04-12,05,Canarias,758
2020-04-13,05,Canarias,763
2020-04-14,05,Canarias,771
2020-04-15,05,Canarias,781
2020-04-16,05,Canarias,802
2020-04-17,05,Canarias,811
2020-04-18,05,Canarias,822
2020-04-19,05,Canarias,825
2020-04-20,05,Canarias,826
2020-04-21,05,Canarias,837
2020-04-22,05,Canarias,841
2020-04-23,05,Canarias,855
2020-04-24,05,Canarias,868
2020-04-25,05,Canarias,878
2020-04-26,05,Canarias,880
2020-04-27,05,Canarias,881
2020-04-28,05,Canarias,900
2020-04-29,05,Canarias,906
2020-04-30,05,Canarias,909
2020-05-01,05,Canarias,914
2020-05-02,05,Canarias,918
2020-05-03,05,Canarias,919
2020-05-04,05,Canarias,919
2020-05-05,05,Canarias,920
2020-05-06,05,Canarias,920
2020-05-07,05,Canarias,921
2020-05-08,05,Canarias,927
2020-05-09,05,Canarias,935
2020-05-10,05,Canarias,935
2020-05-11,05,Canarias,936
2020-05-12,05,Canarias,937
2020-05-13,05,Canarias,937
2020-05-14,05,Canarias,937
2020-05-15,05,Canarias,938
2020-05-16,05,Canarias,939
2020-05-17,05,Canarias,939
2020-05-18,05,Canarias,942
2020-05-19,05,Canarias,942
2020-05-20,05,Canarias,943
2020-05-21,05,Canarias,944
2020-05-22,05,Canarias,943
2020-05-23,05,Canarias,942
2020-05-24,05,Canarias,942
2020-02-21,06,Cantabria,
2020-02-22,06,Cantabria,
2020-02-23,06,Cantabria,
2020-02-24,06,Cantabria,
2020-02-25,06,Cantabria,
2020-02-26,06,Cantabria,
2020-02-27,06,Cantabria,
2020-02-28,06,Cantabria,
2020-02-29,06,Cantabria,
2020-03-01,06,Cantabria,
2020-03-02,06,Cantabria,
2020-03-03,06,Cantabria,
2020-03-04,06,Cantabria,
2020-03-05,06,Cantabria,
2020-03-06,06,Cantabria,
2020-03-07,06,Cantabria,
2020-03-08,06,Cantabria,
2020-03-09,06,Cantabria,
2020-03-10,06,Cantabria,
2020-03-11,06,Cantabria,0
2020-03-12,06,Cantabria,3
2020-03-13,06,Cantabria,3
2020-03-14,06,Cantabria,3
2020-03-15,06,Cantabria,3
2020-03-16,06,Cantabria,18
2020-03-17,06,Cantabria,18
2020-03-18,06,Cantabria,25
2020-03-19,06,Cantabria,40
2020-03-20,06,Cantabria,61
2020-03-21,06,Cantabria,92
2020-03-22,06,Cantabria,116
2020-03-23,06,Cantabria,157
2020-03-24,06,Cantabria,200
2020-03-25,06,Cantabria,241
2020-03-26,06,Cantabria,300
2020-03-27,06,Cantabria,355
2020-03-28,06,Cantabria,406
2020-03-29,06,Cantabria,449
2020-03-30,06,Cantabria,481
2020-03-31,06,Cantabria,522
2020-04-01,06,Cantabria,543
2020-04-02,06,Cantabria,567
2020-04-03,06,Cantabria,592
2020-04-04,06,Cantabria,619
2020-04-05,06,Cantabria,639
2020-04-06,06,Cantabria,658
2020-04-07,06,Cantabria,677
2020-04-08,06,Cantabria,700
2020-04-09,06,Cantabria,720
2020-04-10,06,Cantabria,747
2020-04-11,06,Cantabria,773
2020-04-12,06,Cantabria,805
2020-04-13,06,Cantabria,827
2020-04-14,06,Cantabria,853
2020-04-15,06,Cantabria,873
2020-04-16,06,Cantabria,890
2020-04-17,06,Cantabria,903
2020-04-18,06,Cantabria,911
2020-04-19,06,Cantabria,924
2020-04-20,06,Cantabria,934
2020-04-21,06,Cantabria,948
2020-04-22,06,Cantabria,956
2020-04-23,06,Cantabria,965
2020-04-24,06,Cantabria,978
2020-04-25,06,Cantabria,982
2020-04-26,06,Cantabria,991
2020-04-27,06,Cantabria,995
2020-04-28,06,Cantabria,1000
2020-04-29,06,Cantabria,1006
2020-04-30,06,Cantabria,1007
2020-05-01,06,Cantabria,1009
2020-05-02,06,Cantabria,1009
2020-05-03,06,Cantabria,1010
2020-05-04,06,Cantabria,1011
2020-05-05,06,Cantabria,1015
2020-05-06,06,Cantabria,1018
2020-05-07,06,Cantabria,1020
2020-05-08,06,Cantabria,1022
2020-05-09,06,Cantabria,1023
2020-05-10,06,Cantabria,1027
2020-05-11,06,Cantabria,1027
2020-05-12,06,Cantabria,1027
2020-05-13,06,Cantabria,1029
2020-05-14,06,Cantabria,1030
2020-05-15,06,Cantabria,1031
2020-05-16,06,Cantabria,1032
2020-05-17,06,Cantabria,1033
2020-05-18,06,Cantabria,1035
2020-05-19,06,Cantabria,1035
2020-05-20,06,Cantabria,1036
2020-05-21,06,Cantabria,1036
2020-05-22,06,Cantabria,1038
2020-05-23,06,Cantabria,1039
2020-05-24,06,Cantabria,1039
2020-02-21,08,castilla_la_mancha,
2020-02-22,08,castilla_la_mancha,
2020-02-23,08,castilla_la_mancha,
2020-02-24,08,castilla_la_mancha,
2020-02-25,08,castilla_la_mancha,
2020-02-26,08,castilla_la_mancha,
2020-02-27,08,castilla_la_mancha,
2020-02-28,08,castilla_la_mancha,
2020-02-29,08,castilla_la_mancha,
2020-03-01,08,castilla_la_mancha,
2020-03-02,08,castilla_la_mancha,
2020-03-03,08,castilla_la_mancha,
2020-03-04,08,castilla_la_mancha,
2020-03-05,08,castilla_la_mancha,
2020-03-06,08,castilla_la_mancha,
2020-03-07,08,castilla_la_mancha,
2020-03-08,08,castilla_la_mancha,
2020-03-09,08,castilla_la_mancha,21
2020-03-10,08,castilla_la_mancha,31
2020-03-11,08,castilla_la_mancha,46
2020-03-12,08,castilla_la_mancha,72
2020-03-13,08,castilla_la_mancha,128
2020-03-14,08,castilla_la_mancha,191
2020-03-15,08,castilla_la_mancha,247
2020-03-16,08,castilla_la_mancha,319
2020-03-17,08,castilla_la_mancha,402
2020-03-18,08,castilla_la_mancha,498
2020-03-19,08,castilla_la_mancha,633
2020-03-20,08,castilla_la_mancha,751
2020-03-21,08,castilla_la_mancha,998
2020-03-22,08,castilla_la_mancha,1126
2020-03-23,08,castilla_la_mancha,1410
2020-03-24,08,castilla_la_mancha,1751
2020-03-25,08,castilla_la_mancha,1980
2020-03-26,08,castilla_la_mancha,2266
2020-03-27,08,castilla_la_mancha,2673
2020-03-28,08,castilla_la_mancha,3106
2020-03-29,08,castilla_la_mancha,3430
2020-03-30,08,castilla_la_mancha,3698
2020-03-31,08,castilla_la_mancha,4187
2020-04-01,08,castilla_la_mancha,4590
2020-04-02,08,castilla_la_mancha,4982
2020-04-03,08,castilla_la_mancha,5306
2020-04-04,08,castilla_la_mancha,5556
2020-04-05,08,castilla_la_mancha,5774
2020-04-06,08,castilla_la_mancha,5967
2020-04-07,08,castilla_la_mancha,6203
2020-04-08,08,castilla_la_mancha,6449
2020-04-09,08,castilla_la_mancha,6622
2020-04-10,08,castilla_la_mancha,6803
2020-04-11,08,castilla_la_mancha,6907
2020-04-12,08,castilla_la_mancha,7040
2020-04-13,08,castilla_la_mancha,7782
2020-04-14,08,castilla_la_mancha,7830
2020-04-15,08,castilla_la_mancha,7896
2020-04-16,08,castilla_la_mancha,7987
2020-04-17,08,castilla_la_mancha,8018
2020-04-18,08,castilla_la_mancha,8093
2020-04-19,08,castilla_la_mancha,8137
2020-04-20,08,castilla_la_mancha,8173
2020-04-21,08,castilla_la_mancha,8199
2020-04-22,08,castilla_la_mancha,8243
2020-04-23,08,castilla_la_mancha,8304
2020-04-24,08,castilla_la_mancha,8342
2020-04-25,08,castilla_la_mancha,8385
2020-04-26,08,castilla_la_mancha,8417
2020-04-27,08,castilla_la_mancha,8444
2020-04-28,08,castilla_la_mancha,8464
2020-04-29,08,castilla_la_mancha,8523
2020-04-30,08,castilla_la_mancha,8567
2020-05-01,08,castilla_la_mancha,8618
2020-05-02,08,castilla_la_mancha,8645
2020-05-03,08,castilla_la_mancha,8676
2020-05-04,08,castilla_la_mancha,8698
2020-05-05,08,castilla_la_mancha,8725
2020-05-06,08,castilla_la_mancha,8765
2020-05-07,08,castilla_la_mancha,8796
2020-05-08,08,castilla_la_mancha,8828
2020-05-09,08,castilla_la_mancha,8867
2020-05-10,08,castilla_la_mancha,8895
2020-05-11,08,castilla_la_mancha,8918
2020-05-12,08,castilla_la_mancha,8940
2020-05-13,08,castilla_la_mancha,8963
2020-05-14,08,castilla_la_mancha,8980
2020-05-15,08,castilla_la_mancha,9001
2020-05-16,08,castilla_la_mancha,9027
2020-05-17,08,castilla_la_mancha,9054
2020-05-18,08,castilla_la_mancha,9066
2020-05-19,08,castilla_la_mancha,9082
2020-05-20,08,castilla_la_mancha,9122
2020-05-21,08,castilla_la_mancha,9138
2020-05-22,08,castilla_la_mancha,9157
2020-05-23,08,castilla_la_mancha,9178
2020-05-24,08,castilla_la_mancha,9195
2020-02-21,07,castilla_leon,
2020-02-22,07,castilla_leon,
2020-02-23,07,castilla_leon,
2020-02-24,07,castilla_leon,
2020-02-25,07,castilla_leon,
2020-02-26,07,castilla_leon,
2020-02-27,07,castilla_leon,
2020-02-28,07,castilla_leon,
2020-02-29,07,castilla_leon,
2020-03-01,07,castilla_leon,
2020-03-02,07,castilla_leon,
2020-03-03,07,castilla_leon,
2020-03-04,07,castilla_leon,
2020-03-05,07,castilla_leon,
2020-03-06,07,castilla_leon,
2020-03-07,07,castilla_leon,
2020-03-08,07,castilla_leon,
2020-03-09,07,castilla_leon,
2020-03-10,07,castilla_leon,
2020-03-11,07,castilla_leon,24
2020-03-12,07,castilla_leon,25
2020-03-13,07,castilla_leon,25
2020-03-14,07,castilla_leon,25
2020-03-15,07,castilla_leon,45
2020-03-16,07,castilla_leon,95
2020-03-17,07,castilla_leon,95
2020-03-18,07,castilla_leon,281
2020-03-19,07,castilla_leon,362
2020-03-20,07,castilla_leon,476
2020-03-21,07,castilla_leon,629
2020-03-22,07,castilla_leon,798
2020-03-23,07,castilla_leon,977
2020-03-24,07,castilla_leon,1197
2020-03-25,07,castilla_leon,1457
2020-03-26,07,castilla_leon,1823
2020-03-27,07,castilla_leon,2214
2020-03-28,07,castilla_leon,2648
2020-03-29,07,castilla_leon,3160
2020-03-30,07,castilla_leon,3411
2020-03-31,07,castilla_leon,3629
2020-04-01,07,castilla_leon,3951
2020-04-02,07,castilla_leon,4207
2020-04-03,07,castilla_leon,4472
2020-04-04,07,castilla_leon,4685
2020-04-05,07,castilla_leon,4905
2020-04-06,07,castilla_leon,5041
2020-04-07,07,castilla_leon,5180
2020-04-08,07,castilla_leon,5322
2020-04-09,07,castilla_leon,5523
2020-04-10,07,castilla_leon,5674
2020-04-11,07,castilla_leon,5817
2020-04-12,07,castilla_leon,5957
2020-04-13,07,castilla_leon,6077
2020-04-14,07,castilla_leon,6175
2020-04-15,07,castilla_leon,6306
2020-04-16,07,castilla_leon,6449
2020-04-17,07,castilla_leon,6518
2020-04-18,07,castilla_leon,6831
2020-04-19,07,castilla_leon,6981
2020-04-20,07,castilla_leon,7080
2020-04-21,07,castilla_leon,7174
2020-04-22,07,castilla_leon,7264
2020-04-23,07,castilla_leon,7397
2020-04-24,07,castilla_leon,7506
2020-04-25,07,castilla_leon,7555
2020-04-26,07,castilla_leon,7653
2020-04-27,07,castilla_leon,7703
2020-04-28,07,castilla_leon,7777
2020-04-29,07,castilla_leon,7854
2020-04-30,07,castilla_leon,7957
2020-05-01,07,castilla_leon,8010
2020-05-02,07,castilla_leon,8054
2020-05-03,07,castilla_leon,8085
2020-05-04,07,castilla_leon,8123
2020-05-05,07,castilla_leon,8153
2020-05-06,07,castilla_leon,8246
2020-05-07,07,castilla_leon,8300
2020-05-08,07,castilla_leon,8357
2020-05-09,07,castilla_leon,8394
2020-05-10,07,castilla_leon,8468
2020-05-11,07,castilla_leon,8482
2020-05-12,07,castilla_leon,8493
2020-05-13,07,castilla_leon,8517
2020-05-14,07,castilla_leon,8560
2020-05-15,07,castilla_leon,8595
2020-05-16,07,castilla_leon,8649
2020-05-17,07,castilla_leon,8690
2020-05-18,07,castilla_leon,8717
2020-05-19,07,castilla_leon,8729
2020-05-20,07,castilla_leon,8734
2020-05-21,07,castilla_leon,8735
2020-05-22,07,castilla_leon,8745
2020-05-23,07,castilla_leon,8749
2020-05-24,07,castilla_leon,8751
2020-02-21,09,Cataluña,
2020-02-22,09,Cataluña,
2020-02-23,09,Cataluña,
2020-02-24,09,Cataluña,
2020-02-25,09,Cataluña,
2020-02-26,09,Cataluña,
2020-02-27,09,Cataluña,
2020-02-28,09,Cataluña,
2020-02-29,09,Cataluña,
2020-03-01,09,Cataluña,
2020-03-02,09,Cataluña,
2020-03-03,09,Cataluña,
2020-03-04,09,Cataluña,
2020-03-05,09,Cataluña,
2020-03-06,09,Cataluña,
2020-03-07,09,Cataluña,
2020-03-08,09,Cataluña,
2020-03-09,09,Cataluña,16
2020-03-10,09,Cataluña,31
2020-03-11,09,Cataluña,50
2020-03-12,09,Cataluña,74
2020-03-13,09,Cataluña,137
2020-03-14,09,Cataluña,200
2020-03-15,09,Cataluña,287
2020-03-16,09,Cataluña,375
2020-03-17,09,Cataluña,525
2020-03-18,09,Cataluña,679
2020-03-19,09,Cataluña,825
2020-03-20,09,Cataluña,994
2020-03-21,09,Cataluña,1681
2020-03-22,09,Cataluña,1917
2020-03-23,09,Cataluña,2158
2020-03-24,09,Cataluña,3209
2020-03-25,09,Cataluña,4349
2020-03-26,09,Cataluña,5371
2020-03-27,09,Cataluña,6714
2020-03-28,09,Cataluña,7954
2020-03-29,09,Cataluña,8447
2020-03-30,09,Cataluña,9126
2020-03-31,09,Cataluña,9925
2020-04-01,09,Cataluña,11446
2020-04-02,09,Cataluña,12398
2020-04-03,09,Cataluña,13101
2020-04-04,09,Cataluña,14251
2020-04-05,09,Cataluña,14798
2020-04-06,09,Cataluña,15258
2020-04-07,09,Cataluña,15643
2020-04-08,09,Cataluña,16235
2020-04-09,09,Cataluña,16970
2020-04-10,09,Cataluña,17780
2020-04-11,09,Cataluña,18194
2020-04-12,09,Cataluña,18772
2020-04-13,09,Cataluña,18963
2020-04-14,09,Cataluña,19224
2020-04-15,09,Cataluña,20264
2020-04-16,09,Cataluña,20553
2020-04-17,09,Cataluña,21242
2020-04-18,09,Cataluña,22013
2020-04-19,09,Cataluña,22235
2020-04-20,09,Cataluña,22375
2020-04-21,09,Cataluña,22796
2020-04-22,09,Cataluña,23295
2020-04-23,09,Cataluña,23647
2020-04-24,09,Cataluña,24130
2020-04-25,09,Cataluña,24420
2020-04-26,09,Cataluña,25665
2020-04-27,09,Cataluña,25799
2020-04-28,09,Cataluña,26230
2020-04-29,09,Cataluña,26546
2020-04-30,09,Cataluña,26763
2020-05-01,09,Cataluña,26932
2020-05-02,09,Cataluña,27049
2020-05-03,09,Cataluña,27257
2020-05-04,09,Cataluña,27321
2020-05-05,09,Cataluña,27745
2020-05-06,09,Cataluña,28085
2020-05-07,09,Cataluña,28248
2020-05-08,09,Cataluña,28608
2020-05-09,09,Cataluña,28687
2020-05-10,09,Cataluña,28784
2020-05-11,09,Cataluña,28820
2020-05-12,09,Cataluña,29138
2020-05-13,09,Cataluña,29267
2020-05-14,09,Cataluña,29305
2020-05-15,09,Cataluña,29339
2020-05-16,09,Cataluña,29339
2020-05-17,09,Cataluña,29400
2020-05-18,09,Cataluña,29421
2020-05-19,09,Cataluña,29459
2020-05-20,09,Cataluña,29497
2020-05-21,09,Cataluña,29497
2020-05-22,09,Cataluña,29497
2020-05-23,09,Cataluña,29497
2020-05-24,09,Cataluña,29497
2020-02-21,18,Ceuta,
2020-02-22,18,Ceuta,
2020-02-23,18,Ceuta,
2020-02-24,18,Ceuta,
2020-02-25,18,Ceuta,
2020-02-26,18,Ceuta,
2020-02-27,18,Ceuta,
2020-02-28,18,Ceuta,
2020-02-29,18,Ceuta,
2020-03-01,18,Ceuta,
2020-03-02,18,Ceuta,
2020-03-03,18,Ceuta,
2020-03-04,18,Ceuta,
2020-03-05,18,Ceuta,
2020-03-06,18,Ceuta,
2020-03-07,18,Ceuta,
2020-03-08,18,Ceuta,
2020-03-09,18,Ceuta,
2020-03-10,18,Ceuta,
2020-03-11,18,Ceuta,0
2020-03-12,18,Ceuta,0
2020-03-13,18,Ceuta,0
2020-03-14,18,Ceuta,0
2020-03-15,18,Ceuta,0
2020-03-16,18,Ceuta,0
2020-03-17,18,Ceuta,0
2020-03-18,18,Ceuta,0
2020-03-19,18,Ceuta,0
2020-03-20,18,Ceuta,0
2020-03-21,18,Ceuta,0
2020-03-22,18,Ceuta,0
2020-03-23,18,Ceuta,0
2020-03-24,18,Ceuta,0
2020-03-25,18,Ceuta,2
2020-03-26,18,Ceuta,2
2020-03-27,18,Ceuta,2
2020-03-28,18,Ceuta,2
2020-03-29,18,Ceuta,2
2020-03-30,18,Ceuta,2
2020-03-31,18,Ceuta,3
2020-04-01,18,Ceuta,6
2020-04-02,18,Ceuta,7
2020-04-03,18,Ceuta,8
2020-04-04,18,Ceuta,8
2020-04-05,18,Ceuta,9
2020-04-06,18,Ceuta,9
2020-04-07,18,Ceuta,9
2020-04-08,18,Ceuta,9
2020-04-09,18,Ceuta,9
2020-04-10,18,Ceuta,9
2020-04-11,18,Ceuta,9
2020-04-12,18,Ceuta,9
2020-04-13,18,Ceuta,9
2020-04-14,18,Ceuta,9
2020-04-15,18,Ceuta,9
2020-04-16,18,Ceuta,9
2020-04-17,18,Ceuta,9
2020-04-18,18,Ceuta,9
2020-04-19,18,Ceuta,9
2020-04-20,18,Ceuta,9
2020-04-21,18,Ceuta,9
2020-04-22,18,Ceuta,9
2020-04-23,18,Ceuta,9
2020-04-24,18,Ceuta,10
2020-04-25,18,Ceuta,10
2020-04-26,18,Ceuta,10
2020-04-27,18,Ceuta,10
2020-04-28,18,Ceuta,10
2020-04-29,18,Ceuta,10
2020-04-30,18,Ceuta,10
2020-05-01,18,Ceuta,10
2020-05-02,18,Ceuta,10
2020-05-03,18,Ceuta,10
2020-05-04,18,Ceuta,10
2020-05-05,18,Ceuta,10
2020-05-06,18,Ceuta,10
2020-05-07,18,Ceuta,10
2020-05-08,18,Ceuta,11
2020-05-09,18,Ceuta,11
2020-05-10,18,Ceuta,11
2020-05-11,18,Ceuta,11
2020-05-12,18,Ceuta,11
2020-05-13,18,Ceuta,11
2020-05-14,18,Ceuta,11
2020-05-15,18,Ceuta,11
2020-05-16,18,Ceuta,11
2020-05-17,18,Ceuta,11
2020-05-18,18,Ceuta,11
2020-05-19,18,Ceuta,11
2020-05-20,18,Ceuta,11
2020-05-21,18,Ceuta,11
2020-05-22,18,Ceuta,12
2020-05-23,18,Ceuta,12
2020-05-24,18,Ceuta,12
2020-02-21,10,Valencia,26
2020-02-22,10,Valencia,30
2020-02-23,10,Valencia,33
2020-02-24,10,Valencia,38
2020-02-25,10,Valencia,49
2020-02-26,10,Valencia,58
2020-02-27,10,Valencia,63
2020-02-28,10,Valencia,73
2020-02-29,10,Valencia,78
2020-03-01,10,Valencia,85
2020-03-02,10,Valencia,88
2020-03-03,10,Valencia,93
2020-03-04,10,Valencia,105
2020-03-05,10,Valencia,117
2020-03-06,10,Valencia,130
2020-03-07,10,Valencia,138
2020-03-08,10,Valencia,146
2020-03-09,10,Valencia,153
2020-03-10,10,Valencia,171
2020-03-11,10,Valencia,200
2020-03-12,10,Valencia,232
2020-03-13,10,Valencia,271
2020-03-14,10,Valencia,307
2020-03-15,10,Valencia,339
2020-03-16,10,Valencia,390
2020-03-17,10,Valencia,456
2020-03-18,10,Valencia,530
2020-03-19,10,Valencia,647
2020-03-20,10,Valencia,777
2020-03-21,10,Valencia,947
2020-03-22,10,Valencia,1136
2020-03-23,10,Valencia,1311
2020-03-24,10,Valencia,1562
2020-03-25,10,Valencia,1842
2020-03-26,10,Valencia,2097
2020-03-27,10,Valencia,2357
2020-03-28,10,Valencia,2606
2020-03-29,10,Valencia,2773
2020-03-30,10,Valencia,2914
2020-03-31,10,Valencia,3111
2020-04-01,10,Valencia,3253
2020-04-02,10,Valencia,3389
2020-04-03,10,Valencia,3492
2020-04-04,10,Valencia,3560
2020-04-05,10,Valencia,3620
2020-04-06,10,Valencia,3668
2020-04-07,10,Valencia,3698
2020-04-08,10,Valencia,3713
2020-04-09,10,Valencia,3815
2020-04-10,10,Valencia,3987
2020-04-11,10,Valencia,4132
2020-04-12,10,Valencia,4149
2020-04-13,10,Valencia,4269
2020-04-14,10,Valencia,4397
2020-04-15,10,Valencia,4465
2020-04-16,10,Valencia,4524
2020-04-17,10,Valencia,4605
2020-04-18,10,Valencia,4708
2020-04-19,10,Valencia,4781
2020-04-20,10,Valencia,4827
2020-04-21,10,Valencia,4866
2020-04-22,10,Valencia,4896
2020-04-23,10,Valencia,4917
2020-04-24,10,Valencia,4945
2020-04-25,10,Valencia,4978
2020-04-26,10,Valencia,5013
2020-04-27,10,Valencia,5032
2020-04-28,10,Valencia,5046
2020-04-29,10,Valencia,5072
2020-04-30,10,Valencia,5096
2020-05-01,10,Valencia,5126
2020-05-02,10,Valencia,5153
2020-05-03,10,Valencia,5181
2020-05-04,10,Valencia,5204
2020-05-05,10,Valencia,5214
2020-05-06,10,Valencia,5225
2020-05-07,10,Valencia,5252
2020-05-08,10,Valencia,5287
2020-05-09,10,Valencia,5317
2020-05-10,10,Valencia,5354
2020-05-11,10,Valencia,5355
2020-05-12,10,Valencia,5360
2020-05-13,10,Valencia,5370
2020-05-14,10,Valencia,5389
2020-05-15,10,Valencia,5415
2020-05-16,10,Valencia,5435
2020-05-17,10,Valencia,5454
2020-05-18,10,Valencia,5469
2020-05-19,10,Valencia,5738
2020-05-20,10,Valencia,5742
2020-05-21,10,Valencia,5747
2020-05-22,10,Valencia,5747
2020-05-23,10,Valencia,5738
2020-05-24,10,Valencia,5739
2020-02-21,11,Extremadura,
2020-02-22,11,Extremadura,
2020-02-23,11,Extremadura,
2020-02-24,11,Extremadura,
2020-02-25,11,Extremadura,
2020-02-26,11,Extremadura,
2020-02-27,11,Extremadura,
2020-02-28,11,Extremadura,
2020-02-29,11,Extremadura,
2020-03-01,11,Extremadura,
2020-03-02,11,Extremadura,
2020-03-03,11,Extremadura,
2020-03-04,11,Extremadura,
2020-03-05,11,Extremadura,
2020-03-06,11,Extremadura,
2020-03-07,11,Extremadura,
2020-03-08,11,Extremadura,
2020-03-09,11,Extremadura,
2020-03-10,11,Extremadura,
2020-03-11,11,Extremadura,1
2020-03-12,11,Extremadura,3
2020-03-13,11,Extremadura,3
2020-03-14,11,Extremadura,3
2020-03-15,11,Extremadura,7
2020-03-16,11,Extremadura,9
2020-03-17,11,Extremadura,13
2020-03-18,11,Extremadura,22
2020-03-19,11,Extremadura,33
2020-03-20,11,Extremadura,50
2020-03-21,11,Extremadura,67
2020-03-22,11,Extremadura,97
2020-03-23,11,Extremadura,105
2020-03-24,11,Extremadura,113
2020-03-25,11,Extremadura,217
2020-03-26,11,Extremadura,291
2020-03-27,11,Extremadura,344
2020-03-28,11,Extremadura,406
2020-03-29,11,Extremadura,467
2020-03-30,11,Extremadura,505
2020-03-31,11,Extremadura,561
2020-04-01,11,Extremadura,600
2020-04-02,11,Extremadura,649
2020-04-03,11,Extremadura,706
2020-04-04,11,Extremadura,747
2020-04-05,11,Extremadura,768
2020-04-06,11,Extremadura,808
2020-04-07,11,Extremadura,817
2020-04-08,11,Extremadura,852
2020-04-09,11,Extremadura,958
2020-04-10,11,Extremadura,1003
2020-04-11,11,Extremadura,1052
2020-04-12,11,Extremadura,1074
2020-04-13,11,Extremadura,1096
2020-04-14,11,Extremadura,1114
2020-04-15,11,Extremadura,1155
2020-04-16,11,Extremadura,1186
2020-04-17,11,Extremadura,1212
2020-04-18,11,Extremadura,1240
2020-04-19,11,Extremadura,1278
2020-04-20,11,Extremadura,1306
2020-04-21,11,Extremadura,1327
2020-04-22,11,Extremadura,1349
2020-04-23,11,Extremadura,1375
2020-04-24,11,Extremadura,1413
2020-04-25,11,Extremadura,1447
2020-04-26,11,Extremadura,1480
2020-04-27,11,Extremadura,1490
2020-04-28,11,Extremadura,1505
2020-04-29,11,Extremadura,1526
2020-04-30,11,Extremadura,1550
2020-05-01,11,Extremadura,1565
2020-05-02,11,Extremadura,1592
2020-05-03,11,Extremadura,1603
2020-05-04,11,Extremadura,1618
2020-05-05,11,Extremadura,1629
2020-05-06,11,Extremadura,1650
2020-05-07,11,Extremadura,1664
2020-05-08,11,Extremadura,1678
2020-05-09,11,Extremadura,1695
2020-05-10,11,Extremadura,1711
2020-05-11,11,Extremadura,1725
2020-05-12,11,Extremadura,1737
2020-05-13,11,Extremadura,1754
2020-05-14,11,Extremadura,1761
2020-05-15,11,Extremadura,1772
2020-05-16,11,Extremadura,1772
2020-05-17,11,Extremadura,1775
2020-05-18,11,Extremadura,1775
2020-05-19,11,Extremadura,1779
2020-05-20,11,Extremadura,1780
2020-05-21,11,Extremadura,1780
2020-05-22,11,Extremadura,1780
2020-05-23,11,Extremadura,1782
2020-05-24,11,Extremadura,1781
2020-02-21,12,Galicia,
2020-02-22,12,Galicia,
2020-02-23,12,Galicia,
2020-02-24,12,Galicia,
2020-02-25,12,Galicia,
2020-02-26,12,Galicia,
2020-02-27,12,Galicia,
2020-02-28,12,Galicia,
2020-02-29,12,Galicia,
2020-03-01,12,Galicia,
2020-03-02,12,Galicia,
2020-03-03,12,Galicia,
2020-03-04,12,Galicia,
2020-03-05,12,Galicia,
2020-03-06,12,Galicia,
2020-03-07,12,Galicia,
2020-03-08,12,Galicia,
2020-03-09,12,Galicia,
2020-03-10,12,Galicia,
2020-03-11,12,Galicia,7
2020-03-12,12,Galicia,7
2020-03-13,12,Galicia,15
2020-03-14,12,Galicia,32
2020-03-15,12,Galicia,32
2020-03-16,12,Galicia,49
2020-03-17,12,Galicia,49
2020-03-18,12,Galicia,63
2020-03-19,12,Galicia,100
2020-03-20,12,Galicia,138
2020-03-21,12,Galicia,168
2020-03-22,12,Galicia,227
2020-03-23,12,Galicia,270
2020-03-24,12,Galicia,338
2020-03-25,12,Galicia,412
2020-03-26,12,Galicia,503
2020-03-27,12,Galicia,557
2020-03-28,12,Galicia,906
2020-03-29,12,Galicia,1043
2020-03-30,12,Galicia,1147
2020-03-31,12,Galicia,1250
2020-04-01,12,Galicia,1338
2020-04-02,12,Galicia,1447
2020-04-03,12,Galicia,1630
2020-04-04,12,Galicia,1767
2020-04-05,12,Galicia,1831
2020-04-06,12,Galicia,1916
2020-04-07,12,Galicia,1968
2020-04-08,12,Galicia,2014
2020-04-09,12,Galicia,2094
2020-04-10,12,Galicia,2165
2020-04-11,12,Galicia,2215
2020-04-12,12,Galicia,2306
2020-04-13,12,Galicia,2344
2020-04-14,12,Galicia,2403
2020-04-15,12,Galicia,2471
2020-04-16,12,Galicia,2494
2020-04-17,12,Galicia,2535
2020-04-18,12,Galicia,2554
2020-04-19,12,Galicia,2590
2020-04-20,12,Galicia,2609
2020-04-21,12,Galicia,2652
2020-04-22,12,Galicia,2674
2020-04-23,12,Galicia,2694
2020-04-24,12,Galicia,2707
2020-04-25,12,Galicia,2717
2020-04-26,12,Galicia,2724
2020-04-27,12,Galicia,2728
2020-04-28,12,Galicia,2734
2020-04-29,12,Galicia,2736
2020-04-30,12,Galicia,2747
2020-05-01,12,Galicia,2759
2020-05-02,12,Galicia,2769
2020-05-03,12,Galicia,2774
2020-05-04,12,Galicia,2782
2020-05-05,12,Galicia,2792
2020-05-06,12,Galicia,2811
2020-05-07,12,Galicia,2833
2020-05-08,12,Galicia,2852
2020-05-09,12,Galicia,2876
2020-05-10,12,Galicia,2886
2020-05-11,12,Galicia,2902
2020-05-12,12,Galicia,2905
2020-05-13,12,Galicia,2909
2020-05-14,12,Galicia,2915
2020-05-15,12,Galicia,2921
2020-05-16,12,Galicia,2923
2020-05-17,12,Galicia,2926
2020-05-18,12,Galicia,2934
2020-05-19,12,Galicia,2935
2020-05-20,12,Galicia,2939
2020-05-21,12,Galicia,2943
2020-05-22,12,Galicia,2947
2020-05-23,12,Galicia,2952
2020-05-24,12,Galicia,2953
2020-02-21,13,Madrid,
2020-02-22,13,Madrid,
2020-02-23,13,Madrid,
2020-02-24,13,Madrid,
2020-02-25,13,Madrid,
2020-02-26,13,Madrid,
2020-02-27,13,Madrid,
2020-02-28,13,Madrid,
2020-02-29,13,Madrid,
2020-03-01,13,Madrid,
2020-03-02,13,Madrid,
2020-03-03,13,Madrid,
2020-03-04,13,Madrid,
2020-03-05,13,Madrid,
2020-03-06,13,Madrid,
2020-03-07,13,Madrid,
2020-03-08,13,Madrid,
2020-03-09,13,Madrid,
2020-03-10,13,Madrid,
2020-03-11,13,Madrid,571
2020-03-12,13,Madrid,868
2020-03-13,13,Madrid,1290
2020-03-14,13,Madrid,1699
2020-03-15,13,Madrid,2207
2020-03-16,13,Madrid,2747
2020-03-17,13,Madrid,3314
2020-03-18,13,Madrid,3934
2020-03-19,13,Madrid,4874
2020-03-20,13,Madrid,6189
2020-03-21,13,Madrid,7535
2020-03-22,13,Madrid,9063
2020-03-23,13,Madrid,10771
2020-03-24,13,Madrid,12053
2020-03-25,13,Madrid,13297
2020-03-26,13,Madrid,15024
2020-03-27,13,Madrid,17093
2020-03-28,13,Madrid,19098
2020-03-29,13,Madrid,21311
2020-03-30,13,Madrid,23125
2020-03-31,13,Madrid,23913
2020-04-01,13,Madrid,24553
2020-04-02,13,Madrid,26112
2020-04-03,13,Madrid,27325
2020-04-04,13,Madrid,28420
2020-04-05,13,Madrid,29542
2020-04-06,13,Madrid,30490
2020-04-07,13,Madrid,31109
2020-04-08,13,Madrid,31554
2020-04-09,13,Madrid,32487
2020-04-10,13,Madrid,33278
2020-04-11,13,Madrid,33986
2020-04-12,13,Madrid,34545
2020-04-13,13,Madrid,35053
2020-04-14,13,Madrid,35400
2020-04-15,13,Madrid,35688
2020-04-16,13,Madrid,36251
2020-04-17,13,Madrid,36851
2020-04-18,13,Madrid,37248
2020-04-19,13,Madrid,37626
2020-04-20,13,Madrid,37970
2020-04-21,13,Madrid,38161
2020-04-22,13,Madrid,38328
2020-04-23,13,Madrid,38620
2020-04-24,13,Madrid,38837
2020-04-25,13,Madrid,39064
2020-04-26,13,Madrid,39217
2020-04-27,13,Madrid,39350
2020-04-28,13,Madrid,39423
2020-04-29,13,Madrid,39850
2020-04-30,13,Madrid,40076
2020-05-01,13,Madrid,40293
2020-05-02,13,Madrid,40457
2020-05-03,13,Madrid,40597
2020-05-04,13,Madrid,40741
2020-05-05,13,Madrid,40851
2020-05-06,13,Madrid,41031
2020-05-07,13,Madrid,41159
2020-05-08,13,Madrid,41304
2020-05-09,13,Madrid,41436
2020-05-10,13,Madrid,41559
2020-05-11,13,Madrid,41650
2020-05-12,13,Madrid,41735
2020-05-13,13,Madrid,41856
2020-05-14,13,Madrid,41962
2020-05-15,13,Madrid,42057
2020-05-16,13,Madrid,42157
2020-05-17,13,Madrid,42227
2020-05-18,13,Madrid,42283
2020-05-19,13,Madrid,42350
2020-05-20,13,Madrid,42422
2020-05-21,13,Madrid,42497
2020-05-22,13,Madrid,42573
2020-05-23,13,Madrid,42632
2020-05-24,13,Madrid,42692
2020-02-21,19,Melilla,
2020-02-22,19,Melilla,
2020-02-23,19,Melilla,
2020-02-24,19,Melilla,
2020-02-25,19,Melilla,
2020-02-26,19,Melilla,
2020-02-27,19,Melilla,
2020-02-28,19,Melilla,
2020-02-29,19,Melilla,
2020-03-01,19,Melilla,
2020-03-02,19,Melilla,
2020-03-03,19,Melilla,
2020-03-04,19,Melilla,
2020-03-05,19,Melilla,
2020-03-06,19,Melilla,
2020-03-07,19,Melilla,
2020-03-08,19,Melilla,
2020-03-09,19,Melilla,
2020-03-10,19,Melilla,
2020-03-11,19,Melilla,0
2020-03-12,19,Melilla,0
2020-03-13,19,Melilla,3
2020-03-14,19,Melilla,3
2020-03-15,19,Melilla,4
2020-03-16,19,Melilla,4
2020-03-17,19,Melilla,4
2020-03-18,19,Melilla,4
2020-03-19,19,Melilla,4
2020-03-20,19,Melilla,5
2020-03-21,19,Melilla,8
2020-03-22,19,Melilla,12
2020-03-23,19,Melilla,12
2020-03-24,19,Melilla,12
2020-03-25,19,Melilla,14
2020-03-26,19,Melilla,16
2020-03-27,19,Melilla,18
2020-03-28,19,Melilla,22
2020-03-29,19,Melilla,24
2020-03-30,19,Melilla,27
2020-03-31,19,Melilla,27
2020-04-01,19,Melilla,32
2020-04-02,19,Melilla,32
2020-04-03,19,Melilla,34
2020-04-04,19,Melilla,37
2020-04-05,19,Melilla,38
2020-04-06,19,Melilla,38
2020-04-07,19,Melilla,40
2020-04-08,19,Melilla,40
2020-04-09,19,Melilla,40
2020-04-10,19,Melilla,41
2020-04-11,19,Melilla,43
2020-04-12,19,Melilla,43
2020-04-13,19,Melilla,43
2020-04-14,19,Melilla,43
2020-04-15,19,Melilla,43
2020-04-16,19,Melilla,43
2020-04-17,19,Melilla,44
2020-04-18,19,Melilla,44
2020-04-19,19,Melilla,44
2020-04-20,19,Melilla,44
2020-04-21,19,Melilla,44
2020-04-22,19,Melilla,44
2020-04-23,19,Melilla,44
2020-04-24,19,Melilla,44
2020-04-25,19,Melilla,44
2020-04-26,19,Melilla,44
2020-04-27,19,Melilla,44
2020-04-28,19,Melilla,44
2020-04-29,19,Melilla,44
2020-04-30,19,Melilla,44
2020-05-01,19,Melilla,44
2020-05-02,19,Melilla,44
2020-05-03,19,Melilla,44
2020-05-04,19,Melilla,44
2020-05-05,19,Melilla,44
2020-05-06,19,Melilla,44
2020-05-07,19,Melilla,44
2020-05-08,19,Melilla,44
2020-05-09,19,Melilla,44
2020-05-10,19,Melilla,44
2020-05-11,19,Melilla,44
2020-05-12,19,Melilla,44
2020-05-13,19,Melilla,44
2020-05-14,19,Melilla,44
2020-05-15,19,Melilla,44
2020-05-16,19,Melilla,44
2020-05-17,19,Melilla,44
2020-05-18,19,Melilla,44
2020-05-19,19,Melilla,44
2020-05-20,19,Melilla,44
2020-05-21,19,Melilla,44
2020-05-22,19,Melilla,44
2020-05-23,19,Melilla,44
2020-05-24,19,Melilla,44
2020-02-21,14,Murcia,
2020-02-22,14,Murcia,
2020-02-23,14,Murcia,
2020-02-24,14,Murcia,
2020-02-25,14,Murcia,
2020-02-26,14,Murcia,
2020-02-27,14,Murcia,
2020-02-28,14,Murcia,
2020-02-29,14,Murcia,
2020-03-01,14,Murcia,
2020-03-02,14,Murcia,
2020-03-03,14,Murcia,
2020-03-04,14,Murcia,
2020-03-05,14,Murcia,
2020-03-06,14,Murcia,
2020-03-07,14,Murcia,
2020-03-08,14,Murcia,
2020-03-09,14,Murcia,
2020-03-10,14,Murcia,
2020-03-11,14,Murcia,5
2020-03-12,14,Murcia,5
2020-03-13,14,Murcia,8
2020-03-14,14,Murcia,8
2020-03-15,14,Murcia,13
2020-03-16,14,Murcia,13
2020-03-17,14,Murcia,18
2020-03-18,14,Murcia,22
2020-03-19,14,Murcia,36
2020-03-20,14,Murcia,47
2020-03-21,14,Murcia,61
2020-03-22,14,Murcia,78
2020-03-23,14,Murcia,80
2020-03-24,14,Murcia,99
2020-03-25,14,Murcia,127
2020-03-26,14,Murcia,172
2020-03-27,14,Murcia,209
2020-03-28,14,Murcia,231
2020-03-29,14,Murcia,260
2020-03-30,14,Murcia,265
2020-03-31,14,Murcia,283
2020-04-01,14,Murcia,304
2020-04-02,14,Murcia,389
2020-04-03,14,Murcia,405
2020-04-04,14,Murcia,434
2020-04-05,14,Murcia,447
2020-04-06,14,Murcia,468
2020-04-07,14,Murcia,500
2020-04-08,14,Murcia,515
2020-04-09,14,Murcia,533
2020-04-10,14,Murcia,533
2020-04-11,14,Murcia,533
2020-04-12,14,Murcia,537
2020-04-13,14,Murcia,543
2020-04-14,14,Murcia,566
2020-04-15,14,Murcia,574
2020-04-16,14,Murcia,575
2020-04-17,14,Murcia,585
2020-04-18,14,Murcia,611
2020-04-19,14,Murcia,612
2020-04-20,14,Murcia,612
2020-04-21,14,Murcia,614
2020-04-22,14,Murcia,622
2020-04-23,14,Murcia,624
2020-04-24,14,Murcia,625
2020-04-25,14,Murcia,625
2020-04-26,14,Murcia,627
2020-04-27,14,Murcia,627
2020-04-28,14,Murcia,629
2020-04-29,14,Murcia,635
2020-04-30,14,Murcia,637
2020-05-01,14,Murcia,638
2020-05-02,14,Murcia,639
2020-05-03,14,Murcia,641
2020-05-04,14,Murcia,645
2020-05-05,14,Murcia,650
2020-05-06,14,Murcia,650
2020-05-07,14,Murcia,652
2020-05-08,14,Murcia,659
2020-05-09,14,Murcia,662
2020-05-10,14,Murcia,662
2020-05-11,14,Murcia,665
2020-05-12,14,Murcia,665
2020-05-13,14,Murcia,666
2020-05-14,14,Murcia,672
2020-05-15,14,Murcia,675
2020-05-16,14,Murcia,676
2020-05-17,14,Murcia,676
2020-05-18,14,Murcia,678
2020-05-19,14,Murcia,679
2020-05-20,14,Murcia,679
2020-05-21,14,Murcia,680
2020-05-22,14,Murcia,679
2020-05-23,14,Murcia,685
2020-05-24,14,Murcia,685
2020-02-21,15,Navarra,
2020-02-22,15,Navarra,
2020-02-23,15,Navarra,
2020-02-24,15,Navarra,
2020-02-25,15,Navarra,
2020-02-26,15,Navarra,
2020-02-27,15,Navarra,
2020-02-28,15,Navarra,
2020-02-29,15,Navarra,
2020-03-01,15,Navarra,
2020-03-02,15,Navarra,
2020-03-03,15,Navarra,
2020-03-04,15,Navarra,
2020-03-05,15,Navarra,
2020-03-06,15,Navarra,
2020-03-07,15,Navarra,
2020-03-08,15,Navarra,
2020-03-09,15,Navarra,
2020-03-10,15,Navarra,
2020-03-11,15,Navarra,10
2020-03-12,15,Navarra,17
2020-03-13,15,Navarra,28
2020-03-14,15,Navarra,28
2020-03-15,15,Navarra,34
2020-03-16,15,Navarra,58
2020-03-17,15,Navarra,72
2020-03-18,15,Navarra,93
2020-03-19,15,Navarra,132
2020-03-20,15,Navarra,172
2020-03-21,15,Navarra,222
2020-03-22,15,Navarra,288
2020-03-23,15,Navarra,339
2020-03-24,15,Navarra,405
2020-03-25,15,Navarra,506
2020-03-26,15,Navarra,649
2020-03-27,15,Navarra,732
2020-03-28,15,Navarra,827
2020-03-29,15,Navarra,896
2020-03-30,15,Navarra,955
2020-03-31,15,Navarra,1035
2020-04-01,15,Navarra,1120
2020-04-02,15,Navarra,1181
2020-04-03,15,Navarra,1284
2020-04-04,15,Navarra,1341
2020-04-05,15,Navarra,1399
2020-04-06,15,Navarra,1432
2020-04-07,15,Navarra,1488
2020-04-08,15,Navarra,1526
2020-04-09,15,Navarra,1526
2020-04-10,15,Navarra,1620
2020-04-11,15,Navarra,1641
2020-04-12,15,Navarra,1663
2020-04-13,15,Navarra,1693
2020-04-14,15,Navarra,1705
2020-04-15,15,Navarra,1731
2020-04-16,15,Navarra,1752
2020-04-17,15,Navarra,1781
2020-04-18,15,Navarra,1829
2020-04-19,15,Navarra,1843
2020-04-20,15,Navarra,1856
2020-04-21,15,Navarra,1877
2020-04-22,15,Navarra,1894
2020-04-23,15,Navarra,1907
2020-04-24,15,Navarra,1915
2020-04-25,15,Navarra,1937
2020-04-26,15,Navarra,1942
2020-04-27,15,Navarra,1942
2020-04-28,15,Navarra,1945
2020-04-29,15,Navarra,1951
2020-04-30,15,Navarra,1965
2020-05-01,15,Navarra,1977
2020-05-02,15,Navarra,1979
2020-05-03,15,Navarra,1986
2020-05-04,15,Navarra,1990
2020-05-05,15,Navarra,1995
2020-05-06,15,Navarra,2005
2020-05-07,15,Navarra,2015
2020-05-08,15,Navarra,2015
2020-05-09,15,Navarra,2021
2020-05-10,15,Navarra,2023
2020-05-11,15,Navarra,2029
2020-05-12,15,Navarra,2039
2020-05-13,15,Navarra,2042
2020-05-14,15,Navarra,2045
2020-05-15,15,Navarra,2045
2020-05-16,15,Navarra,2045
2020-05-17,15,Navarra,2045
2020-05-18,15,Navarra,2045
2020-05-19,15,Navarra,2045
2020-05-20,15,Navarra,2048
2020-05-21,15,Navarra,2048
2020-05-22,15,Navarra,2049
2020-05-23,15,Navarra,2050
2020-05-24,15,Navarra,2050
2020-02-21,16,pais_vasco,
2020-02-22,16,pais_vasco,
2020-02-23,16,pais_vasco,
2020-02-24,16,pais_vasco,
2020-02-25,16,pais_vasco,
2020-02-26,16,pais_vasco,
2020-02-27,16,pais_vasco,
2020-02-28,16,pais_vasco,
2020-02-29,16,pais_vasco,
2020-03-01,16,pais_vasco,
2020-03-02,16,pais_vasco,
2020-03-03,16,pais_vasco,
2020-03-04,16,pais_vasco,
2020-03-05,16,pais_vasco,
2020-03-06,16,pais_vasco,
2020-03-07,16,pais_vasco,
2020-03-08,16,pais_vasco,
2020-03-09,16,pais_vasco,
2020-03-10,16,pais_vasco,
2020-03-11,16,pais_vasco,102
2020-03-12,16,pais_vasco,146
2020-03-13,16,pais_vasco,179
2020-03-14,16,pais_vasco,179
2020-03-15,16,pais_vasco,262
2020-03-16,16,pais_vasco,262
2020-03-17,16,pais_vasco,309
2020-03-18,16,pais_vasco,353
2020-03-19,16,pais_vasco,455
2020-03-20,16,pais_vasco,550
2020-03-21,16,pais_vasco,654
2020-03-22,16,pais_vasco,988
2020-03-23,16,pais_vasco,1252
2020-03-24,16,pais_vasco,1425
2020-03-25,16,pais_vasco,1577
2020-03-26,16,pais_vasco,1907
2020-03-27,16,pais_vasco,2270
2020-03-28,16,pais_vasco,2612
2020-03-29,16,pais_vasco,3106
2020-03-30,16,pais_vasco,3427
2020-03-31,16,pais_vasco,3594
2020-04-01,16,pais_vasco,3806
2020-04-02,16,pais_vasco,4087
2020-04-03,16,pais_vasco,4283
2020-04-04,16,pais_vasco,4522
2020-04-05,16,pais_vasco,4666
2020-04-06,16,pais_vasco,4794
2020-04-07,16,pais_vasco,4856
2020-04-08,16,pais_vasco,4982
2020-04-09,16,pais_vasco,5130
2020-04-10,16,pais_vasco,5290
2020-04-11,16,pais_vasco,5402
2020-04-12,16,pais_vasco,5547
2020-04-13,16,pais_vasco,5622
2020-04-14,16,pais_vasco,5679
2020-04-15,16,pais_vasco,5750
2020-04-16,16,pais_vasco,5863
2020-04-17,16,pais_vasco,5939
2020-04-18,16,pais_vasco,6030
2020-04-19,16,pais_vasco,6086
2020-04-20,16,pais_vasco,6109
2020-04-21,16,pais_vasco,6141
2020-04-22,16,pais_vasco,6201
2020-04-23,16,pais_vasco,6260
2020-04-24,16,pais_vasco,6315
2020-04-25,16,pais_vasco,6375
2020-04-26,16,pais_vasco,6426
2020-04-27,16,pais_vasco,6457
2020-04-28,16,pais_vasco,6482
2020-04-29,16,pais_vasco,6522
2020-04-30,16,pais_vasco,6561
2020-05-01,16,pais_vasco,6607
2020-05-02,16,pais_vasco,6659
2020-05-03,16,pais_vasco,6692
2020-05-04,16,pais_vasco,6719
2020-05-05,16,pais_vasco,6736
2020-05-06,16,pais_vasco,6781
2020-05-07,16,pais_vasco,6797
2020-05-08,16,pais_vasco,6818
2020-05-09,16,pais_vasco,6865
2020-05-10,16,pais_vasco,6902
2020-05-11,16,pais_vasco,6922
2020-05-12,16,pais_vasco,6929
2020-05-13,16,pais_vasco,6955
2020-05-14,16,pais_vasco,6994
2020-05-15,16,pais_vasco,7009
2020-05-16,16,pais_vasco,7011
2020-05-17,16,pais_vasco,7015
2020-05-18,16,pais_vasco,7016
2020-05-19,16,pais_vasco,7021
2020-05-20,16,pais_vasco,7024
2020-05-21,16,pais_vasco,7032
2020-05-22,16,pais_vasco,7035
2020-05-23,16,pais_vasco,7039
2020-05-24,16,pais_vasco,7042
2020-02-21,17,La_Rioja,
2020-02-22,17,La_Rioja,
2020-02-23,17,La_Rioja,
2020-02-24,17,La_Rioja,
2020-02-25,17,La_Rioja,
2020-02-26,17,La_Rioja,
2020-02-27,17,La_Rioja,
2020-02-28,17,La_Rioja,
2020-02-29,17,La_Rioja,
2020-03-01,17,La_Rioja,
2020-03-02,17,La_Rioja,
2020-03-03,17,La_Rioja,
2020-03-04,17,La_Rioja,
2020-03-05,17,La_Rioja,
2020-03-06,17,La_Rioja,
2020-03-07,17,La_Rioja,
2020-03-08,17,La_Rioja,
2020-03-09,17,La_Rioja,
2020-03-10,17,La_Rioja,
2020-03-11,17,La_Rioja,13
2020-03-12,17,La_Rioja,21
2020-03-13,17,La_Rioja,27
2020-03-14,17,La_Rioja,38
2020-03-15,17,La_Rioja,58
2020-03-16,17,La_Rioja,64
2020-03-17,17,La_Rioja,82
2020-03-18,17,La_Rioja,99
2020-03-19,17,La_Rioja,121
2020-03-20,17,La_Rioja,122
2020-03-21,17,La_Rioja,128
2020-03-22,17,La_Rioja,134
2020-03-23,17,La_Rioja,166
2020-03-24,17,La_Rioja,206
2020-03-25,17,La_Rioja,254
2020-03-26,17,La_Rioja,316
2020-03-27,17,La_Rioja,388
2020-03-28,17,La_Rioja,458
2020-03-29,17,La_Rioja,497
2020-03-30,17,La_Rioja,517
2020-03-31,17,La_Rioja,575
2020-04-01,17,La_Rioja,619
2020-04-02,17,La_Rioja,660
2020-04-03,17,La_Rioja,738
2020-04-04,17,La_Rioja,805
2020-04-05,17,La_Rioja,855
2020-04-06,17,La_Rioja,888
2020-04-07,17,La_Rioja,918
2020-04-08,17,La_Rioja,955
2020-04-09,17,La_Rioja,997
2020-04-10,17,La_Rioja,1047
2020-04-11,17,La_Rioja,1082
2020-04-12,17,La_Rioja,1122
2020-04-13,17,La_Rioja,1141
2020-04-14,17,La_Rioja,1152
2020-04-15,17,La_Rioja,1182
2020-04-16,17,La_Rioja,1207
2020-04-17,17,La_Rioja,1226
2020-04-18,17,La_Rioja,1249
2020-04-19,17,La_Rioja,1268
2020-04-20,17,La_Rioja,1282
2020-04-21,17,La_Rioja,1297
2020-04-22,17,La_Rioja,1318
2020-04-23,17,La_Rioja,1331
2020-04-24,17,La_Rioja,1344
2020-04-25,17,La_Rioja,1360
2020-04-26,17,La_Rioja,1380
2020-04-27,17,La_Rioja,1392
2020-04-28,17,La_Rioja,1400
2020-04-29,17,La_Rioja,1413
2020-04-30,17,La_Rioja,1424
2020-05-01,17,La_Rioja,1433
2020-05-02,17,La_Rioja,1439
2020-05-03,17,La_Rioja,1446
2020-05-04,17,La_Rioja,1449
2020-05-05,17,La_Rioja,1452
2020-05-06,17,La_Rioja,1458
2020-05-07,17,La_Rioja,1463
2020-05-08,17,La_Rioja,1469
2020-05-09,17,La_Rioja,1473
2020-05-10,17,La_Rioja,1474
2020-05-11,17,La_Rioja,1475
2020-05-12,17,La_Rioja,1478
2020-05-13,17,La_Rioja,1481
2020-05-14,17,La_Rioja,1484
2020-05-15,17,La_Rioja,1488
2020-05-16,17,La_Rioja,1490
2020-05-17,17,La_Rioja,1496
2020-05-18,17,La_Rioja,1496
2020-05-19,17,La_Rioja,1498
2020-05-20,17,La_Rioja,1499
2020-05-21,17,La_Rioja,1504
2020-05-22,17,La_Rioja,1505
2020-05-23,17,La_Rioja,1505
2020-05-24,17,La_Rioja,1505
